Controller,Action,Route,Methods,AuthorizationMetadata,Roles,Policies,Filters,RateLimitPolicy,RequestLimitMetadata,OwnershipReview
"Admin","ActivateUser","Admin/ActivateUser","POST","Authorize","","SuperAdmin","ControllerActionFilter|SaveTempDataAttribute|UnsupportedContentTypeFilter","None declared","","Not verified"
"Admin","AllIndoorSessionLogs","Admin/AllIndoorSessionLogs","GET","Authorize","","","ControllerActionFilter|SaveTempDataAttribute|UnsupportedContentTypeFilter","None declared","","Not verified"
"Admin","AllIndoorSessionLogsPaged","Admin/AllIndoorSessionLogsPaged","GET","Authorize","","","ControllerActionFilter|SaveTempDataAttribute|UnsupportedContentTypeFilter","None declared","","Not verified"
"Admin","AppQualityFlatV2","Admin/AppQualityFlatV2","GET","Authorize","","","ControllerActionFilter|SaveTempDataAttribute|UnsupportedContentTypeFilter","None declared","","Not verified"
"Admin","AvgDlTptV2","Admin/AvgDlTptV2","GET","Authorize","","","ControllerActionFilter|SaveTempDataAttribute|UnsupportedContentTypeFilter","None declared","","Not verified"
"Admin","AvgJitterV2","Admin/AvgJitterV2","GET","Authorize","","","ControllerActionFilter|SaveTempDataAttribute|UnsupportedContentTypeFilter","None declared","","Not verified"
"Admin","AvgLatencyV2","Admin/AvgLatencyV2","GET","Authorize","","","ControllerActionFilter|SaveTempDataAttribute|UnsupportedContentTypeFilter","None declared","","Not verified"
"Admin","AvgMosV2","Admin/AvgMosV2","GET","Authorize","","","ControllerActionFilter|SaveTempDataAttribute|UnsupportedContentTypeFilter","None declared","","Not verified"
"Admin","AvgPacketLossV2","Admin/AvgPacketLossV2","GET","Authorize","","","ControllerActionFilter|SaveTempDataAttribute|UnsupportedContentTypeFilter","None declared","","Not verified"
"Admin","AvgRsrpV2","Admin/AvgRsrpV2","GET","Authorize","","","ControllerActionFilter|SaveTempDataAttribute|UnsupportedContentTypeFilter","None declared","","Not verified"
"Admin","AvgRsrqV2","Admin/AvgRsrqV2","GET","Authorize","","","ControllerActionFilter|SaveTempDataAttribute|UnsupportedContentTypeFilter","None declared","","Not verified"
"Admin","AvgSinrV2","Admin/AvgSinrV2","GET","Authorize","","","ControllerActionFilter|SaveTempDataAttribute|UnsupportedContentTypeFilter","None declared","","Not verified"
"Admin","AvgUlTptV2","Admin/AvgUlTptV2","GET","Authorize","","","ControllerActionFilter|SaveTempDataAttribute|UnsupportedContentTypeFilter","None declared","","Not verified"
"Admin","BandDistributionV2","Admin/BandDistributionV2","GET","Authorize","","","ControllerActionFilter|SaveTempDataAttribute|UnsupportedContentTypeFilter","None declared","","Not verified"
"Admin","GetOperatorBoxPlotDynamic","Admin/box-plot/operators","GET","Authorize","","","ControllerActionFilter|SaveTempDataAttribute|UnsupportedContentTypeFilter","None declared","","Not verified"
"Admin","ChangePassword","Admin/ChangePassword","POST","Authorize","","","ControllerActionFilter|SaveTempDataAttribute|UnsupportedContentTypeFilter","None declared","","Not verified"
"Admin","ClearAllLogsCache","Admin/ClearAllLogsCache","DELETE","Authorize","","","ControllerActionFilter|SaveTempDataAttribute|UnsupportedContentTypeFilter","None declared","","Not verified"
"Admin","ClearOperatorQualityCache","Admin/ClearOperatorQualityCache","DELETE","Authorize","","","ControllerActionFilter|SaveTempDataAttribute|UnsupportedContentTypeFilter","None declared","","Not verified"
"Admin","Dashboard","Admin/Dashboard","GET","Authorize","","","ControllerActionFilter|SaveTempDataAttribute|UnsupportedContentTypeFilter","None declared","","Not verified"
"Admin","DbDiagnostics","Admin/DbDiagnostics","GET","Authorize","","","ControllerActionFilter|SaveTempDataAttribute|UnsupportedContentTypeFilter","None declared","","Not verified"
"Admin","DeleteSession","Admin/DeleteSession","DELETE","Authorize","","","ControllerActionFilter|SaveTempDataAttribute|UnsupportedContentTypeFilter","None declared","","Not verified"
"Admin","DeleteUser","Admin/DeleteUser","POST","Authorize","","SuperAdmin","ControllerActionFilter|SaveTempDataAttribute|UnsupportedContentTypeFilter","None declared","","Not verified"
"Admin","DeleteUserPermanent","Admin/DeleteUserPermanent","POST","Authorize","","SuperAdmin","ControllerActionFilter|SaveTempDataAttribute|UnsupportedContentTypeFilter","None declared","","Not verified"
"Admin","GetAllLogsCacheStats","Admin/GetAllLogsCacheStats","GET","Authorize","","","ControllerActionFilter|SaveTempDataAttribute|UnsupportedContentTypeFilter","None declared","","Not verified"
"Admin","GetAllNetworkLogs","Admin/GetAllNetworkLogs","GET","Authorize","","","ControllerActionFilter|SaveTempDataAttribute|UnsupportedContentTypeFilter","None declared","","Not verified"
"Admin","GetAllNetworkLogsPaged","Admin/GetAllNetworkLogsPaged","GET","Authorize","","","ControllerActionFilter|SaveTempDataAttribute|UnsupportedContentTypeFilter","None declared","","Not verified"
"Admin","GetNetworkDurations","Admin/GetNetworkDurations","GET","Authorize","","","ControllerActionFilter|SaveTempDataAttribute|UnsupportedContentTypeFilter","None declared","","Not verified"
"Admin","GetOperatorCoverageRanking","Admin/GetOperatorCoverageRanking","GET","Authorize","","","ControllerActionFilter|SaveTempDataAttribute|UnsupportedContentTypeFilter","None declared","","Not verified"
"Admin","GetOperatorQualityRanking","Admin/GetOperatorQualityRanking","GET","Authorize","","","ControllerActionFilter|SaveTempDataAttribute|UnsupportedContentTypeFilter","None declared","","Not verified"
"Admin","GetSessions","Admin/GetSessions","GET","Authorize","","","ControllerActionFilter|SaveTempDataAttribute|UnsupportedContentTypeFilter","None declared","","Not verified"
"Admin","GetSessionsByDateRange","Admin/GetSessionsByDateRange","GET","Authorize","","","ControllerActionFilter|SaveTempDataAttribute|UnsupportedContentTypeFilter","None declared","","Not verified"
"Admin","GetSessionTechMinutesFilter","Admin/GetSessionTechMinutesFilter","GET","Authorize","","","ControllerActionFilter|SaveTempDataAttribute|UnsupportedContentTypeFilter","None declared","","Not verified"
"Admin","GetUser","Admin/GetUser","POST","Authorize","","","ControllerActionFilter|SaveTempDataAttribute|UnsupportedContentTypeFilter","None declared","","Not verified"
"Admin","GetUserById","Admin/GetUserById","GET","Authorize","","","ControllerActionFilter|SaveTempDataAttribute|UnsupportedContentTypeFilter","None declared","","Not verified"
"Admin","GetUsers","Admin/GetUsers","GET","Authorize","","","ControllerActionFilter|SaveTempDataAttribute|UnsupportedContentTypeFilter","None declared","","Not verified"
"Admin","HandsetDistributionV2","Admin/HandsetDistributionV2","GET","Authorize","","","ControllerActionFilter|SaveTempDataAttribute|UnsupportedContentTypeFilter","None declared","","Not verified"
"Admin","GetCoverageHoles","Admin/holes","GET","Authorize","","","ControllerActionFilter|SaveTempDataAttribute|UnsupportedContentTypeFilter","None declared","","Not verified"
"Admin","InactivateUser","Admin/InactivateUser","POST","Authorize","","SuperAdmin","ControllerActionFilter|SaveTempDataAttribute|UnsupportedContentTypeFilter","None declared","","Not verified"
"Admin","Index","Admin/Index","GET","Authorize","","","ControllerActionFilter|SaveTempDataAttribute|UnsupportedContentTypeFilter","None declared","","Not verified"
"Admin","IndoorBadCount","Admin/IndoorBadCount","GET","Authorize","","","ControllerActionFilter|SaveTempDataAttribute|UnsupportedContentTypeFilter","None declared","","Not verified"
"Admin","IndoorBadLogs","Admin/IndoorBadLogs","GET","Authorize","","","ControllerActionFilter|SaveTempDataAttribute|UnsupportedContentTypeFilter","None declared","","Not verified"
"Admin","IndoorCount","Admin/IndoorCount","GET","Authorize","","","ControllerActionFilter|SaveTempDataAttribute|UnsupportedContentTypeFilter","None declared","","Not verified"
"Admin","IndoorGoodCount","Admin/IndoorGoodCount","GET","Authorize","","","ControllerActionFilter|SaveTempDataAttribute|UnsupportedContentTypeFilter","None declared","","Not verified"
"Admin","IndoorGoodLogs","Admin/IndoorGoodLogs","GET","Authorize","","","ControllerActionFilter|SaveTempDataAttribute|UnsupportedContentTypeFilter","None declared","","Not verified"
"Admin","IndoorKpis","Admin/IndoorKpis","GET","Authorize","","","ControllerActionFilter|SaveTempDataAttribute|UnsupportedContentTypeFilter","None declared","","Not verified"
"Admin","MonthlySamplesV2","Admin/MonthlySamplesV2","GET","Authorize","","","ControllerActionFilter|SaveTempDataAttribute|UnsupportedContentTypeFilter","None declared","","Not verified"
"Admin","NetworksV2","Admin/NetworksV2","GET","Authorize","","","ControllerActionFilter|SaveTempDataAttribute|UnsupportedContentTypeFilter","None declared","","Not verified"
"Admin","NetworkTypeDistributionV2","Admin/NetworkTypeDistributionV2","GET","Authorize","","","ControllerActionFilter|SaveTempDataAttribute|UnsupportedContentTypeFilter","None declared","","Not verified"
"Admin","GetOperatorIndoorOutdoorAvgAll","Admin/operator-indoor-outdoor-avg","GET","Authorize","","","ControllerActionFilter|SaveTempDataAttribute|UnsupportedContentTypeFilter","None declared","","Not verified"
"Admin","OperatorAvgThroughput10SecV2","Admin/OperatorAvgThroughput10SecV2","GET","Authorize","","","ControllerActionFilter|SaveTempDataAttribute|UnsupportedContentTypeFilter","None declared","","Not verified"
"Admin","OperatorSamplesV2","Admin/OperatorSamplesV2","GET","Authorize","","","ControllerActionFilter|SaveTempDataAttribute|UnsupportedContentTypeFilter","None declared","","Not verified"
"Admin","OperatorsV2","Admin/OperatorsV2","GET","Authorize","","","ControllerActionFilter|SaveTempDataAttribute|UnsupportedContentTypeFilter","None declared","","Not verified"
"Admin","OutdoorCount","Admin/OutdoorCount","GET","Authorize","","","ControllerActionFilter|SaveTempDataAttribute|UnsupportedContentTypeFilter","None declared","","Not verified"
"Admin","OutdoorKpis","Admin/OutdoorKpis","GET","Authorize","","","ControllerActionFilter|SaveTempDataAttribute|UnsupportedContentTypeFilter","None declared","","Not verified"
"Admin","PolygonGoodBadSummary","Admin/PolygonGoodBadSummary","GET","Authorize","","","ControllerActionFilter|SaveTempDataAttribute|UnsupportedContentTypeFilter","None declared","","Not verified"
"Admin","PolygonPoints","Admin/PolygonPoints","GET","Authorize","","","ControllerActionFilter|SaveTempDataAttribute|UnsupportedContentTypeFilter","None declared","","Not verified"
"Admin","DeleteKey","Admin/redis/delete","DELETE","Authorize","","SuperAdmin","ControllerActionFilter|SaveTempDataAttribute|UnsupportedContentTypeFilter","None declared","","Not verified"
"Admin","ExtendTtl","Admin/redis/extend-ttl","POST","Authorize","","SuperAdmin","ControllerActionFilter|SaveTempDataAttribute|UnsupportedContentTypeFilter","None declared","","Not verified"
"Admin","FlushRedis","Admin/redis/flush","POST","Authorize","","SuperAdmin","ControllerActionFilter|SaveTempDataAttribute|UnsupportedContentTypeFilter","None declared","","Not verified"
"Admin","GetKeyInfo","Admin/redis/key-info","GET","Authorize","","SuperAdmin","ControllerActionFilter|SaveTempDataAttribute|UnsupportedContentTypeFilter","None declared","","Not verified"
"Admin","GetRedisKeys","Admin/redis/keys","GET","Authorize","","SuperAdmin","ControllerActionFilter|SaveTempDataAttribute|UnsupportedContentTypeFilter","None declared","","Not verified"
"Admin","SaveUserDetails","Admin/SaveUserDetails","POST","Authorize","","SuperAdmin","ControllerActionFilter|SaveTempDataAttribute|UnsupportedContentTypeFilter","None declared","","Not verified"
"Admin","TotalsV2","Admin/TotalsV2","GET","Authorize","","","ControllerActionFilter|SaveTempDataAttribute|UnsupportedContentTypeFilter","None declared","","Not verified"
"Admin","UserResetPassword","Admin/UserResetPassword","POST","Authorize","","SuperAdmin","ControllerActionFilter|SaveTempDataAttribute|UnsupportedContentTypeFilter","None declared","","Not verified"
"Admin","WarmUpAllLogsCache","Admin/WarmUpAllLogsCache","POST","Authorize","","","ControllerActionFilter|SaveTempDataAttribute|UnsupportedContentTypeFilter","None declared","","Not verified"
"Auth","Login","api/auth/login","POST","No Authorize metadata (inspect filters/action)","","","SaveTempDataAttribute|UnsupportedContentTypeFilter|ClientErrorResultFilterFactory|ModelStateInvalidFilterFactory|ApiControllerAttribute","Auth","","Not verified"
"Auth","Logout","api/auth/logout","POST","No Authorize metadata (inspect filters/action)","","","SaveTempDataAttribute|UnsupportedContentTypeFilter|ClientErrorResultFilterFactory|ModelStateInvalidFilterFactory|ApiControllerAttribute","None declared","","Not verified"
"Auth","GetAuthStatus","api/auth/status","GET","AllowAnonymous (inspect custom filters)","","","SaveTempDataAttribute|UnsupportedContentTypeFilter|ClientErrorResultFilterFactory|ModelStateInvalidFilterFactory|ApiControllerAttribute","None declared","","Not verified"
"Company","CreateCompanyUser","api/company/createUser","POST","Authorize","","CompanyAdmin","SaveTempDataAttribute|UnsupportedContentTypeFilter|ClientErrorResultFilterFactory|ModelStateInvalidFilterFactory|ApiControllerAttribute","None declared","","Not verified"
"Company","DeleteCompany","api/company/deleteCompany","DELETE","Authorize","","","SaveTempDataAttribute|UnsupportedContentTypeFilter|ClientErrorResultFilterFactory|ModelStateInvalidFilterFactory|ApiControllerAttribute","None declared","","Not verified"
"Company","DeleteUser","api/company/deleteUser","DELETE","Authorize","","CompanyAdmin","SaveTempDataAttribute|UnsupportedContentTypeFilter|ClientErrorResultFilterFactory|ModelStateInvalidFilterFactory|ApiControllerAttribute","None declared","","Not verified"
"Company","GetAllCompanies","api/company/GetAll","GET","Authorize","","","SaveTempDataAttribute|UnsupportedContentTypeFilter|ClientErrorResultFilterFactory|ModelStateInvalidFilterFactory|ApiControllerAttribute","None declared","","Not verified"
"Company","GrantLicense","api/company/grantLicense","POST","Authorize","","SuperAdmin","SaveTempDataAttribute|UnsupportedContentTypeFilter|ClientErrorResultFilterFactory|ModelStateInvalidFilterFactory|ApiControllerAttribute","None declared","","Not verified"
"Company","GetGrantLicenseHistory","api/company/grantLicenseHistory","GET","Authorize","","","SaveTempDataAttribute|UnsupportedContentTypeFilter|ClientErrorResultFilterFactory|ModelStateInvalidFilterFactory|ApiControllerAttribute","None declared","","Not verified"
"Company","RevokeLicense","api/company/revokeLicense","POST","Authorize","","SuperAdmin","SaveTempDataAttribute|UnsupportedContentTypeFilter|ClientErrorResultFilterFactory|ModelStateInvalidFilterFactory|ApiControllerAttribute","None declared","","Not verified"
"Company","RevokeUser","api/company/revokeUser","POST","Authorize","","CompanyAdmin","SaveTempDataAttribute|UnsupportedContentTypeFilter|ClientErrorResultFilterFactory|ModelStateInvalidFilterFactory|ApiControllerAttribute","None declared","","Not verified"
"Company","SaveCompany","api/company/SaveCompanyDetails","POST","Authorize","","","SaveTempDataAttribute|UnsupportedContentTypeFilter|ClientErrorResultFilterFactory|ModelStateInvalidFilterFactory|ApiControllerAttribute","None declared","","Not verified"
"Company","UpdateCompanyStatus","api/company/updateCompanyStatus","PUT","Authorize","","","SaveTempDataAttribute|UnsupportedContentTypeFilter|ClientErrorResultFilterFactory|ModelStateInvalidFilterFactory|ApiControllerAttribute","None declared","","Not verified"
"Company","UpdateIssuedLicense","api/company/updateIssuedLicense","PUT","Authorize","","SuperAdmin","SaveTempDataAttribute|UnsupportedContentTypeFilter|ClientErrorResultFilterFactory|ModelStateInvalidFilterFactory|ApiControllerAttribute","None declared","","Not verified"
"Company","UpdateUser","api/company/updateUser","PUT","Authorize","","CompanyAdmin","SaveTempDataAttribute|UnsupportedContentTypeFilter|ClientErrorResultFilterFactory|ModelStateInvalidFilterFactory|ApiControllerAttribute","None declared","","Not verified"
"Company","GetUsedLicenses","api/company/usedLicenses","GET","Authorize","","","SaveTempDataAttribute|UnsupportedContentTypeFilter|ClientErrorResultFilterFactory|ModelStateInvalidFilterFactory|ApiControllerAttribute","None declared","","Not verified"
"DataDeletion","GetDataPreview","api/data-deletion/data-preview","GET","No Authorize metadata (inspect filters/action)","","","SaveTempDataAttribute|UnsupportedContentTypeFilter|ClientErrorResultFilterFactory|ModelStateInvalidFilterFactory|ApiControllerAttribute","None declared","","Not verified"
"DataDeletion","RequestDeletion","api/data-deletion/request-deletion","POST","No Authorize metadata (inspect filters/action)","","","SaveTempDataAttribute|UnsupportedContentTypeFilter|ClientErrorResultFilterFactory|ModelStateInvalidFilterFactory|ApiControllerAttribute","None declared","","Not verified"
"DataDeletion","SendOtp","api/data-deletion/send-otp","POST","No Authorize metadata (inspect filters/action)","","","SaveTempDataAttribute|UnsupportedContentTypeFilter|ClientErrorResultFilterFactory|ModelStateInvalidFilterFactory|ApiControllerAttribute","Otp","","Not verified"
"DataDeletion","VerifyOtp","api/data-deletion/verify-otp","POST","No Authorize metadata (inspect filters/action)","","","SaveTempDataAttribute|UnsupportedContentTypeFilter|ClientErrorResultFilterFactory|ModelStateInvalidFilterFactory|ApiControllerAttribute","Otp","","Not verified"
"ExcelReport","DiscoverBands","api/ExcelReport/DiscoverBands","POST","Authorize","","","SaveTempDataAttribute|UnsupportedContentTypeFilter|ClientErrorResultFilterFactory|ModelStateInvalidFilterFactory|ApiControllerAttribute|ConsumesAttribute|RequestSizeLimitAttribute","Report","RequestSizeLimitAttribute","Not verified"
"ExcelReport","Generate","api/ExcelReport/Generate","POST","Authorize","","","SaveTempDataAttribute|UnsupportedContentTypeFilter|ClientErrorResultFilterFactory|ModelStateInvalidFilterFactory|ApiControllerAttribute","Report","","Not verified"
"ExcelReport","GenerateFromQuery","api/ExcelReport/Generate","GET","Authorize","","","SaveTempDataAttribute|UnsupportedContentTypeFilter|ClientErrorResultFilterFactory|ModelStateInvalidFilterFactory|ApiControllerAttribute","Report","","Not verified"
"ExcelReport","GenerateFromZip","api/ExcelReport/GenerateFromZip","POST","Authorize","","","SaveTempDataAttribute|UnsupportedContentTypeFilter|ClientErrorResultFilterFactory|ModelStateInvalidFilterFactory|ApiControllerAttribute|ConsumesAttribute|RequestSizeLimitAttribute","Report","RequestSizeLimitAttribute","Not verified"
"ExcelZipReport","DiscoverBands","api/ExcelZipReport/DiscoverBands","POST","Authorize","","","SaveTempDataAttribute|UnsupportedContentTypeFilter|ClientErrorResultFilterFactory|ModelStateInvalidFilterFactory|ApiControllerAttribute|ConsumesAttribute|RequestSizeLimitAttribute","Report","RequestSizeLimitAttribute","Not verified"
"ExcelZipReport","Generate","api/ExcelZipReport/Generate","POST","Authorize","","","SaveTempDataAttribute|UnsupportedContentTypeFilter|ClientErrorResultFilterFactory|ModelStateInvalidFilterFactory|ApiControllerAttribute","Report","","Not verified"
"ExcelZipReport","GenerateFromQuery","api/ExcelZipReport/Generate","GET","Authorize","","","SaveTempDataAttribute|UnsupportedContentTypeFilter|ClientErrorResultFilterFactory|ModelStateInvalidFilterFactory|ApiControllerAttribute","Report","","Not verified"
"ExcelZipReport","GenerateFromZip","api/ExcelZipReport/GenerateFromZip","POST","Authorize","","","SaveTempDataAttribute|UnsupportedContentTypeFilter|ClientErrorResultFilterFactory|ModelStateInvalidFilterFactory|ApiControllerAttribute|ConsumesAttribute|RequestSizeLimitAttribute","Report","RequestSizeLimitAttribute","Not verified"
"GridAnalytics","ComputeAndStoreGridAnalytics","api/GridAnalytics/ComputeAndStoreGridAnalytics","POST","Authorize","","","SaveTempDataAttribute|UnsupportedContentTypeFilter|ClientErrorResultFilterFactory|ModelStateInvalidFilterFactory|ApiControllerAttribute","None declared","","Not verified"
"GridAnalytics","GetCoverageOptimizationSummary","api/GridAnalytics/GetCoverageOptimizationSummary","GET","Authorize","","","SaveTempDataAttribute|UnsupportedContentTypeFilter|ClientErrorResultFilterFactory|ModelStateInvalidFilterFactory|ApiControllerAttribute","None declared","","Not verified"
"GridAnalytics","GetGridAnalytics","api/GridAnalytics/GetGridAnalytics","GET","AllowAnonymous (inspect custom filters)","","","SaveTempDataAttribute|UnsupportedContentTypeFilter|ClientErrorResultFilterFactory|ModelStateInvalidFilterFactory|ApiControllerAttribute","None declared","","Not verified"
"GridAnalytics","GetOptimizationScenarios","api/GridAnalytics/GetOptimizationScenarios","GET","Authorize","","","SaveTempDataAttribute|UnsupportedContentTypeFilter|ClientErrorResultFilterFactory|ModelStateInvalidFilterFactory|ApiControllerAttribute","None declared","","Not verified"
"GridAnalytics","SetProjectGridSize","api/GridAnalytics/SetProjectGridSize","POST","Authorize","","","SaveTempDataAttribute|UnsupportedContentTypeFilter|ClientErrorResultFilterFactory|ModelStateInvalidFilterFactory|ApiControllerAttribute","None declared","","Not verified"
"GridAnalytics","SetProjectLogGrid","api/GridAnalytics/SetProjectLogGrid","POST","Authorize","","","SaveTempDataAttribute|UnsupportedContentTypeFilter|ClientErrorResultFilterFactory|ModelStateInvalidFilterFactory|ApiControllerAttribute","None declared","","Not verified"
"IndoorPlanning","CreateProject","api/IndoorPlanning/projects","POST","Authorize","","","SaveTempDataAttribute|UnsupportedContentTypeFilter|ClientErrorResultFilterFactory|ModelStateInvalidFilterFactory|ApiControllerAttribute","None declared","","Not verified"
"IndoorPlanning","GetProjects","api/IndoorPlanning/projects","GET","Authorize","","","SaveTempDataAttribute|UnsupportedContentTypeFilter|ClientErrorResultFilterFactory|ModelStateInvalidFilterFactory|ApiControllerAttribute","None declared","","Not verified"
"IndoorPlanning","GetProject","api/IndoorPlanning/projects/{id:int}","GET","Authorize","","","SaveTempDataAttribute|UnsupportedContentTypeFilter|ClientErrorResultFilterFactory|ModelStateInvalidFilterFactory|ApiControllerAttribute","None declared","","Not verified"
"IndoorPlanning","SaveFloor","api/IndoorPlanning/projects/{id:int}/floor","PUT","Authorize","","","SaveTempDataAttribute|UnsupportedContentTypeFilter|ClientErrorResultFilterFactory|ModelStateInvalidFilterFactory|ApiControllerAttribute","None declared","","Not verified"
"L3Event","AddSessionUpload","api/L3Event/AddSessionUpload","POST","Authorize","","","ControllerActionFilter|SaveTempDataAttribute|UnsupportedContentTypeFilter|ClientErrorResultFilterFactory|ModelStateInvalidFilterFactory|ApiControllerAttribute|RequestSizeLimitAttribute|RequestFormLimitsAttribute","None declared","RequestSizeLimitAttribute|RequestFormLimitsAttribute","Not verified"
"L3Event","DeleteL3EventHistory","api/L3Event/DeleteL3EventHistory/{historyId:long}","DELETE","Authorize","","","ControllerActionFilter|SaveTempDataAttribute|UnsupportedContentTypeFilter|ClientErrorResultFilterFactory|ModelStateInvalidFilterFactory|ApiControllerAttribute","None declared","","Not verified"
"L3Event","GenerateDiagnosticEventAnalyzerPdf","api/L3Event/GenerateDiagnosticEventAnalyzerPdf","GET","Authorize","","","ControllerActionFilter|SaveTempDataAttribute|UnsupportedContentTypeFilter|ClientErrorResultFilterFactory|ModelStateInvalidFilterFactory|ApiControllerAttribute","None declared","","Not verified"
"L3Event","GenerateDiagnosticL3SummaryExcel","api/L3Event/GenerateDiagnosticL3SummaryExcel","GET","Authorize","","","ControllerActionFilter|SaveTempDataAttribute|UnsupportedContentTypeFilter|ClientErrorResultFilterFactory|ModelStateInvalidFilterFactory|ApiControllerAttribute","None declared","","Not verified"
"L3Event","GenerateDiagnosticL3SummaryPdf","api/L3Event/GenerateDiagnosticL3SummaryPdf","GET","Authorize","","","ControllerActionFilter|SaveTempDataAttribute|UnsupportedContentTypeFilter|ClientErrorResultFilterFactory|ModelStateInvalidFilterFactory|ApiControllerAttribute","None declared","","Not verified"
"L3Event","GetDiagnosticAnalyzerSummary","api/L3Event/GetDiagnosticAnalyzerSummary","GET","Authorize","","","ControllerActionFilter|SaveTempDataAttribute|UnsupportedContentTypeFilter|ClientErrorResultFilterFactory|ModelStateInvalidFilterFactory|ApiControllerAttribute","None declared","","Not verified"
"L3Event","GetDiagnosticCallSummary","api/L3Event/GetDiagnosticCallSummary","GET","Authorize","","","ControllerActionFilter|SaveTempDataAttribute|UnsupportedContentTypeFilter|ClientErrorResultFilterFactory|ModelStateInvalidFilterFactory|ApiControllerAttribute","None declared","","Not verified"
"L3Event","GetDiagnosticCallSummaryOnly","api/L3Event/GetDiagnosticCallSummaryOnly","GET","Authorize","","","ControllerActionFilter|SaveTempDataAttribute|UnsupportedContentTypeFilter|ClientErrorResultFilterFactory|ModelStateInvalidFilterFactory|ApiControllerAttribute","None declared","","Not verified"
"L3Event","GetDiagnosticEvents","api/L3Event/GetDiagnosticEvents","GET","Authorize","","","ControllerActionFilter|SaveTempDataAttribute|UnsupportedContentTypeFilter|ClientErrorResultFilterFactory|ModelStateInvalidFilterFactory|ApiControllerAttribute","None declared","","Not verified"
"L3Event","GetDiagnosticExcelRows","api/L3Event/GetDiagnosticExcelRows","GET","Authorize","","","ControllerActionFilter|SaveTempDataAttribute|UnsupportedContentTypeFilter|ClientErrorResultFilterFactory|ModelStateInvalidFilterFactory|ApiControllerAttribute","None declared","","Not verified"
"L3Event","GetDiagnosticFlowModels","api/L3Event/GetDiagnosticFlowModels","GET","Authorize","","","ControllerActionFilter|SaveTempDataAttribute|UnsupportedContentTypeFilter|ClientErrorResultFilterFactory|ModelStateInvalidFilterFactory|ApiControllerAttribute","None declared","","Not verified"
"L3Event","GetDiagnosticL3Messages","api/L3Event/GetDiagnosticL3Messages","GET","Authorize","","","ControllerActionFilter|SaveTempDataAttribute|UnsupportedContentTypeFilter|ClientErrorResultFilterFactory|ModelStateInvalidFilterFactory|ApiControllerAttribute","None declared","","Not verified"
"L3Event","GetDiagnosticL3Summary","api/L3Event/GetDiagnosticL3Summary","GET","Authorize","","","ControllerActionFilter|SaveTempDataAttribute|UnsupportedContentTypeFilter|ClientErrorResultFilterFactory|ModelStateInvalidFilterFactory|ApiControllerAttribute","None declared","","Not verified"
"L3Event","GetDiagnosticExcelRows","api/L3Event/GetDiagnosticMapRows","GET","Authorize","","","ControllerActionFilter|SaveTempDataAttribute|UnsupportedContentTypeFilter|ClientErrorResultFilterFactory|ModelStateInvalidFilterFactory|ApiControllerAttribute","None declared","","Not verified"
"L3Event","GetDiagnosticTabCounts","api/L3Event/GetDiagnosticTabCounts","GET","Authorize","","","ControllerActionFilter|SaveTempDataAttribute|UnsupportedContentTypeFilter|ClientErrorResultFilterFactory|ModelStateInvalidFilterFactory|ApiControllerAttribute","None declared","","Not verified"
"L3Event","GetDiagnosticCallSummary","api/L3Event/GetEventL3CallSummary","GET","Authorize","","","ControllerActionFilter|SaveTempDataAttribute|UnsupportedContentTypeFilter|ClientErrorResultFilterFactory|ModelStateInvalidFilterFactory|ApiControllerAttribute","None declared","","Not verified"
"L3Event","GetL3EventHistory","api/L3Event/GetL3EventHistory","GET","Authorize","","","ControllerActionFilter|SaveTempDataAttribute|UnsupportedContentTypeFilter|ClientErrorResultFilterFactory|ModelStateInvalidFilterFactory|ApiControllerAttribute","None declared","","Not verified"
"L3Event","GetUploadInsights","api/L3Event/GetUploadInsights","GET","Authorize","","","ControllerActionFilter|SaveTempDataAttribute|UnsupportedContentTypeFilter|ClientErrorResultFilterFactory|ModelStateInvalidFilterFactory|ApiControllerAttribute","None declared","","Not verified"
"L3Event","ImportSessionDiagnosticData","api/L3Event/ImportSessionDiagnosticData","POST","Authorize","","","ControllerActionFilter|SaveTempDataAttribute|UnsupportedContentTypeFilter|ClientErrorResultFilterFactory|ModelStateInvalidFilterFactory|ApiControllerAttribute|RequestFormLimitsAttribute","None declared","RequestFormLimitsAttribute","Not verified"
"L3Event","ImportZipFromUrl","api/L3Event/ImportZipFromUrl","POST","Authorize","","","ControllerActionFilter|SaveTempDataAttribute|UnsupportedContentTypeFilter|ClientErrorResultFilterFactory|ModelStateInvalidFilterFactory|ApiControllerAttribute|RequestFormLimitsAttribute","None declared","RequestFormLimitsAttribute","Not verified"
"L3Event","SaveL3EventHistory","api/L3Event/SaveL3EventHistory","POST","Authorize","","","ControllerActionFilter|SaveTempDataAttribute|UnsupportedContentTypeFilter|ClientErrorResultFilterFactory|ModelStateInvalidFilterFactory|ApiControllerAttribute","None declared","","Not verified"
"L3Event","SyncNewSessionDiagnostics","api/L3Event/SyncNewSessionDiagnostics","POST","Authorize","","","ControllerActionFilter|SaveTempDataAttribute|UnsupportedContentTypeFilter|ClientErrorResultFilterFactory|ModelStateInvalidFilterFactory|ApiControllerAttribute","None declared","","Not verified"
"L3Event","UpdateL3EventHistoryMetadata","api/L3Event/UpdateL3EventHistory/{historyId:long}","PUT","Authorize","","","ControllerActionFilter|SaveTempDataAttribute|UnsupportedContentTypeFilter|ClientErrorResultFilterFactory|ModelStateInvalidFilterFactory|ApiControllerAttribute","None declared","","Not verified"
"LogDownload","CheckDownload","api/LogDownload/download","HEAD","Authorize","","","SaveTempDataAttribute|UnsupportedContentTypeFilter|ClientErrorResultFilterFactory|ModelStateInvalidFilterFactory|ApiControllerAttribute","Report","","Not verified"
"LogDownload","DownloadFromUrl","api/LogDownload/download","GET","Authorize","","","SaveTempDataAttribute|UnsupportedContentTypeFilter|ClientErrorResultFilterFactory|ModelStateInvalidFilterFactory|ApiControllerAttribute","Report","","Not verified"
"MapView","AddSitePrediction","api/MapView/AddSitePrediction","POST","Authorize","","","ControllerActionFilter|SaveTempDataAttribute|UnsupportedContentTypeFilter|ClientErrorResultFilterFactory|ModelStateInvalidFilterFactory|ApiControllerAttribute","None declared","","Not verified"
"MapView","AssignExistingSitePredictionToProject","api/MapView/AssignExistingSitePredictionToProject","POST","Authorize","","","ControllerActionFilter|SaveTempDataAttribute|UnsupportedContentTypeFilter|ClientErrorResultFilterFactory|ModelStateInvalidFilterFactory|ApiControllerAttribute","None declared","","Not verified"
"MapView","AssignPolygonToProject","api/MapView/AssignPolygonToProject","POST","Authorize","","","ControllerActionFilter|SaveTempDataAttribute|UnsupportedContentTypeFilter|ClientErrorResultFilterFactory|ModelStateInvalidFilterFactory|ApiControllerAttribute","None declared","","Not verified"
"MapView","CompareSitePrediction","api/MapView/CompareSitePrediction","GET","Authorize","","","ControllerActionFilter|SaveTempDataAttribute|UnsupportedContentTypeFilter|ClientErrorResultFilterFactory|ModelStateInvalidFilterFactory|ApiControllerAttribute","None declared","","Not verified"
"MapView","CreateSimpleProject","api/MapView/createProject","POST","Authorize","","","ControllerActionFilter|SaveTempDataAttribute|UnsupportedContentTypeFilter|ClientErrorResultFilterFactory|ModelStateInvalidFilterFactory|ApiControllerAttribute","None declared","","Not verified"
"MapView","CreateProjectWithPolygons","api/MapView/CreateProjectWithPolygons","POST","Authorize","","","ControllerActionFilter|SaveTempDataAttribute|UnsupportedContentTypeFilter|ClientErrorResultFilterFactory|ModelStateInvalidFilterFactory|ApiControllerAttribute","None declared","","Not verified"
"MapView","DeleteAvailablePolygon","api/MapView/DeleteAvailablePolygon","DELETE","Authorize","","","ControllerActionFilter|SaveTempDataAttribute|UnsupportedContentTypeFilter|ClientErrorResultFilterFactory|ModelStateInvalidFilterFactory|ApiControllerAttribute","None declared","","Not verified"
"MapView","DeleteLtePredictionOptimisedScenario","api/MapView/DeleteLtePredictionOptimisedScenario","POST","Authorize","","","ControllerActionFilter|SaveTempDataAttribute|UnsupportedContentTypeFilter|ClientErrorResultFilterFactory|ModelStateInvalidFilterFactory|ApiControllerAttribute","None declared","","Not verified"
"MapView","DeleteProject","api/MapView/DeleteProject","DELETE","Authorize","","","ControllerActionFilter|SaveTempDataAttribute|UnsupportedContentTypeFilter|ClientErrorResultFilterFactory|ModelStateInvalidFilterFactory|ApiControllerAttribute","None declared","","Not verified"
"MapView","DeleteSitePrediction","api/MapView/DeleteSitePrediction","POST","Authorize","","","ControllerActionFilter|SaveTempDataAttribute|UnsupportedContentTypeFilter|ClientErrorResultFilterFactory|ModelStateInvalidFilterFactory|ApiControllerAttribute","None declared","","Not verified"
"MapView","DeleteSitePredictionScenario","api/MapView/DeleteSitePredictionScenario","POST","Authorize","","","ControllerActionFilter|SaveTempDataAttribute|UnsupportedContentTypeFilter|ClientErrorResultFilterFactory|ModelStateInvalidFilterFactory|ApiControllerAttribute","None declared","","Not verified"
"MapView","end_session","api/MapView/end_session","POST","AllowAnonymous (inspect custom filters)","","","ControllerActionFilter|SaveTempDataAttribute|UnsupportedContentTypeFilter|ClientErrorResultFilterFactory|ModelStateInvalidFilterFactory|ApiControllerAttribute|PublicApiKeyAttribute","PublicApi","","Not verified"
"MapView","EnsureSitePredictionOptimizedScenarioColumn","api/MapView/EnsureSitePredictionOptimizedScenarioColumn","POST","Authorize","","","ControllerActionFilter|SaveTempDataAttribute|UnsupportedContentTypeFilter|ClientErrorResultFilterFactory|ModelStateInvalidFilterFactory|ApiControllerAttribute","None declared","","Not verified"
"MapView","GenerateDiagnosticEventAnalyzerPdf","api/MapView/GenerateDiagnosticEventAnalyzerPdf","GET","Authorize","","","ControllerActionFilter|SaveTempDataAttribute|UnsupportedContentTypeFilter|ClientErrorResultFilterFactory|ModelStateInvalidFilterFactory|ApiControllerAttribute","None declared","","Not verified"
"MapView","GenerateDiagnosticL3SummaryExcel","api/MapView/GenerateDiagnosticL3SummaryExcel","GET","Authorize","","","ControllerActionFilter|SaveTempDataAttribute|UnsupportedContentTypeFilter|ClientErrorResultFilterFactory|ModelStateInvalidFilterFactory|ApiControllerAttribute","None declared","","Not verified"
"MapView","GenerateDiagnosticL3SummaryPdf","api/MapView/GenerateDiagnosticL3SummaryPdf","GET","Authorize","","","ControllerActionFilter|SaveTempDataAttribute|UnsupportedContentTypeFilter|ClientErrorResultFilterFactory|ModelStateInvalidFilterFactory|ApiControllerAttribute","None declared","","Not verified"
"MapView","Get2GCiAnalysis","api/MapView/Get2GCiAnalysis","GET","Authorize","","","ControllerActionFilter|SaveTempDataAttribute|UnsupportedContentTypeFilter|ClientErrorResultFilterFactory|ModelStateInvalidFilterFactory|ApiControllerAttribute","None declared","","Not verified"
"MapView","Get2GCiAnalysisPost","api/MapView/Get2GCiAnalysis","POST","Authorize","","","ControllerActionFilter|SaveTempDataAttribute|UnsupportedContentTypeFilter|ClientErrorResultFilterFactory|ModelStateInvalidFilterFactory|ApiControllerAttribute","None declared","","Not verified"
"MapView","GetAvailablePolygons","api/MapView/GetAvailablePolygons","GET","Authorize","","","ControllerActionFilter|SaveTempDataAttribute|UnsupportedContentTypeFilter|ClientErrorResultFilterFactory|ModelStateInvalidFilterFactory|ApiControllerAttribute","None declared","","Not verified"
"MapView","GetBands","api/MapView/GetBands","GET","Authorize","","","ControllerActionFilter|SaveTempDataAttribute|UnsupportedContentTypeFilter|ClientErrorResultFilterFactory|ModelStateInvalidFilterFactory|ApiControllerAttribute","None declared","","Not verified"
"MapView","GetDiagnosticAnalyzerSummary","api/MapView/GetDiagnosticAnalyzerSummary","GET","Authorize","","","ControllerActionFilter|SaveTempDataAttribute|UnsupportedContentTypeFilter|ClientErrorResultFilterFactory|ModelStateInvalidFilterFactory|ApiControllerAttribute","None declared","","Not verified"
"MapView","GetDiagnosticCallSummary","api/MapView/GetDiagnosticCallSummary","GET","Authorize","","","ControllerActionFilter|SaveTempDataAttribute|UnsupportedContentTypeFilter|ClientErrorResultFilterFactory|ModelStateInvalidFilterFactory|ApiControllerAttribute","None declared","","Not verified"
"MapView","GetDiagnosticCallSummaryOnly","api/MapView/GetDiagnosticCallSummaryOnly","GET","Authorize","","","ControllerActionFilter|SaveTempDataAttribute|UnsupportedContentTypeFilter|ClientErrorResultFilterFactory|ModelStateInvalidFilterFactory|ApiControllerAttribute","None declared","","Not verified"
"MapView","GetDiagnosticEvents","api/MapView/GetDiagnosticEvents","GET","Authorize","","","ControllerActionFilter|SaveTempDataAttribute|UnsupportedContentTypeFilter|ClientErrorResultFilterFactory|ModelStateInvalidFilterFactory|ApiControllerAttribute","None declared","","Not verified"
"MapView","GetDiagnosticExcelRows","api/MapView/GetDiagnosticExcelRows","GET","Authorize","","","ControllerActionFilter|SaveTempDataAttribute|UnsupportedContentTypeFilter|ClientErrorResultFilterFactory|ModelStateInvalidFilterFactory|ApiControllerAttribute","None declared","","Not verified"
"MapView","GetDiagnosticFlowModels","api/MapView/GetDiagnosticFlowModels","GET","Authorize","","","ControllerActionFilter|SaveTempDataAttribute|UnsupportedContentTypeFilter|ClientErrorResultFilterFactory|ModelStateInvalidFilterFactory|ApiControllerAttribute","None declared","","Not verified"
"MapView","GetDiagnosticL3Messages","api/MapView/GetDiagnosticL3Messages","GET","Authorize","","","ControllerActionFilter|SaveTempDataAttribute|UnsupportedContentTypeFilter|ClientErrorResultFilterFactory|ModelStateInvalidFilterFactory|ApiControllerAttribute","None declared","","Not verified"
"MapView","GetDiagnosticL3Summary","api/MapView/GetDiagnosticL3Summary","GET","Authorize","","","ControllerActionFilter|SaveTempDataAttribute|UnsupportedContentTypeFilter|ClientErrorResultFilterFactory|ModelStateInvalidFilterFactory|ApiControllerAttribute","None declared","","Not verified"
"MapView","GetDiagnosticExcelRows","api/MapView/GetDiagnosticMapRows","GET","Authorize","","","ControllerActionFilter|SaveTempDataAttribute|UnsupportedContentTypeFilter|ClientErrorResultFilterFactory|ModelStateInvalidFilterFactory|ApiControllerAttribute","None declared","","Not verified"
"MapView","GetDiagnosticTabCounts","api/MapView/GetDiagnosticTabCounts","GET","Authorize","","","ControllerActionFilter|SaveTempDataAttribute|UnsupportedContentTypeFilter|ClientErrorResultFilterFactory|ModelStateInvalidFilterFactory|ApiControllerAttribute","None declared","","Not verified"
"MapView","GetDominanceDetails","api/MapView/GetDominanceDetails","GET","Authorize","","","ControllerActionFilter|SaveTempDataAttribute|UnsupportedContentTypeFilter|ClientErrorResultFilterFactory|ModelStateInvalidFilterFactory|ApiControllerAttribute","None declared","","Not verified"
"MapView","GetDiagnosticCallSummary","api/MapView/GetEventL3CallSummary","GET","Authorize","","","ControllerActionFilter|SaveTempDataAttribute|UnsupportedContentTypeFilter|ClientErrorResultFilterFactory|ModelStateInvalidFilterFactory|ApiControllerAttribute","None declared","","Not verified"
"MapView","GetHandoverTargetObservations","api/MapView/GetHandoverTargetObservations","POST","Authorize","","","ControllerActionFilter|SaveTempDataAttribute|UnsupportedContentTypeFilter|ClientErrorResultFilterFactory|ModelStateInvalidFilterFactory|ApiControllerAttribute","None declared","","Not verified"
"MapView","GetIndoorOutdoorSessionAnalytics","api/MapView/GetIndoorOutdoorSessionAnalytics","GET","Authorize","","","ControllerActionFilter|SaveTempDataAttribute|UnsupportedContentTypeFilter|ClientErrorResultFilterFactory|ModelStateInvalidFilterFactory|ApiControllerAttribute","None declared","","Not verified"
"MapView","GetIndoorOutdoorSessionAnalyticsPost","api/MapView/GetIndoorOutdoorSessionAnalytics","POST","Authorize","","","ControllerActionFilter|SaveTempDataAttribute|UnsupportedContentTypeFilter|ClientErrorResultFilterFactory|ModelStateInvalidFilterFactory|ApiControllerAttribute","None declared","","Not verified"
"MapView","GetLogsByDateRange","api/MapView/GetLogsByDateRange","GET","Authorize","","","ControllerActionFilter|SaveTempDataAttribute|UnsupportedContentTypeFilter|ClientErrorResultFilterFactory|ModelStateInvalidFilterFactory|ApiControllerAttribute","None declared","","Not verified"
"MapView","GetLtePredictionLocationStats","api/MapView/GetLtePredictionLocationStats","GET","Authorize","","","ControllerActionFilter|SaveTempDataAttribute|UnsupportedContentTypeFilter|ClientErrorResultFilterFactory|ModelStateInvalidFilterFactory|ApiControllerAttribute","None declared","","Not verified"
"MapView","GetLtePredictionLocationStatsRefined","api/MapView/GetLtePredictionLocationStatsRefined","GET","Authorize","","","ControllerActionFilter|SaveTempDataAttribute|UnsupportedContentTypeFilter|ClientErrorResultFilterFactory|ModelStateInvalidFilterFactory|ApiControllerAttribute","None declared","","Not verified"
"MapView","GetLtePredictionStats","api/MapView/GetLtePredictionStats","GET","Authorize","","","ControllerActionFilter|SaveTempDataAttribute|UnsupportedContentTypeFilter|ClientErrorResultFilterFactory|ModelStateInvalidFilterFactory|ApiControllerAttribute","None declared","","Not verified"
"MapView","GetN78Neighbours","api/MapView/GetN78Neighbours","GET","Authorize","","","ControllerActionFilter|SaveTempDataAttribute|UnsupportedContentTypeFilter|ClientErrorResultFilterFactory|ModelStateInvalidFilterFactory|ApiControllerAttribute","None declared","","Not verified"
"MapView","GetN78NeighboursSimple","api/MapView/GetN78NeighboursSimple","GET","Authorize","","","ControllerActionFilter|SaveTempDataAttribute|UnsupportedContentTypeFilter|ClientErrorResultFilterFactory|ModelStateInvalidFilterFactory|ApiControllerAttribute","None declared","","Not verified"
"MapView","GetNeighbourLogsByDateRange","api/MapView/GetNeighbourLogsByDateRange","GET","Authorize","","","ControllerActionFilter|SaveTempDataAttribute|UnsupportedContentTypeFilter|ClientErrorResultFilterFactory|ModelStateInvalidFilterFactory|ApiControllerAttribute","None declared","","Not verified"
"MapView","GetNeighboursForPrimary","api/MapView/GetNeighboursForPrimary","GET","Authorize","","","ControllerActionFilter|SaveTempDataAttribute|UnsupportedContentTypeFilter|ClientErrorResultFilterFactory|ModelStateInvalidFilterFactory|ApiControllerAttribute","None declared","","Not verified"
"MapView","GetNetworkLog","api/MapView/GetNetworkLog","GET","Authorize","","","ControllerActionFilter|SaveTempDataAttribute|UnsupportedContentTypeFilter|ClientErrorResultFilterFactory|ModelStateInvalidFilterFactory|ApiControllerAttribute","None declared","","Not verified"
"MapView","GetNetworkLogPost","api/MapView/GetNetworkLog","POST","Authorize","","","ControllerActionFilter|SaveTempDataAttribute|UnsupportedContentTypeFilter|ClientErrorResultFilterFactory|ModelStateInvalidFilterFactory|ApiControllerAttribute","None declared","","Not verified"
"MapView","GetPciDistribution","api/MapView/GetPciDistribution","GET","Authorize","","","ControllerActionFilter|SaveTempDataAttribute|UnsupportedContentTypeFilter|ClientErrorResultFilterFactory|ModelStateInvalidFilterFactory|ApiControllerAttribute","None declared","","Not verified"
"MapView","GetPciDistributionPost","api/MapView/GetPciDistribution","POST","Authorize","","","ControllerActionFilter|SaveTempDataAttribute|UnsupportedContentTypeFilter|ClientErrorResultFilterFactory|ModelStateInvalidFilterFactory|ApiControllerAttribute","None declared","","Not verified"
"MapView","GetPolygonLogCount","api/MapView/GetPolygonLogCount","GET","Authorize","","","ControllerActionFilter|SaveTempDataAttribute|UnsupportedContentTypeFilter|ClientErrorResultFilterFactory|ModelStateInvalidFilterFactory|ApiControllerAttribute","None declared","","Not verified"
"MapView","GetPredictionDataForSelectedBuildingPolygonsRaw","api/MapView/GetPredictionDataForSelectedBuildingPolygonsRaw","GET","Authorize","","","ControllerActionFilter|SaveTempDataAttribute|UnsupportedContentTypeFilter|ClientErrorResultFilterFactory|ModelStateInvalidFilterFactory|ApiControllerAttribute","None declared","","Not verified"
"MapView","GetPredictionLog","api/MapView/GetPredictionLog","POST","Authorize","","","ControllerActionFilter|SaveTempDataAttribute|UnsupportedContentTypeFilter|ClientErrorResultFilterFactory|ModelStateInvalidFilterFactory|ApiControllerAttribute|ConsumesAttribute","None declared","","Not verified"
"MapView","GetPredictionLog","api/MapView/GetPredictionLog","GET","Authorize","","","ControllerActionFilter|SaveTempDataAttribute|UnsupportedContentTypeFilter|ClientErrorResultFilterFactory|ModelStateInvalidFilterFactory|ApiControllerAttribute","None declared","","Not verified"
"MapView","GetProjectBuildingClutterTiles","api/MapView/GetProjectBuildingClutterTiles","GET","Authorize","","","ControllerActionFilter|SaveTempDataAttribute|UnsupportedContentTypeFilter|ClientErrorResultFilterFactory|ModelStateInvalidFilterFactory|ApiControllerAttribute","None declared","","Not verified"
"MapView","GetProjectBuildingClutterTiles","api/MapView/GetProjectClutterTiles","GET","Authorize","","","ControllerActionFilter|SaveTempDataAttribute|UnsupportedContentTypeFilter|ClientErrorResultFilterFactory|ModelStateInvalidFilterFactory|ApiControllerAttribute","None declared","","Not verified"
"MapView","GetProjectPolygons","api/MapView/GetProjectPolygons","GET","Authorize","","","ControllerActionFilter|SaveTempDataAttribute|UnsupportedContentTypeFilter|ClientErrorResultFilterFactory|ModelStateInvalidFilterFactory|ApiControllerAttribute","None declared","","Not verified"
"MapView","GetProjectPolygonsV2","api/MapView/GetProjectPolygonsV2","GET","Authorize","","","ControllerActionFilter|SaveTempDataAttribute|UnsupportedContentTypeFilter|ClientErrorResultFilterFactory|ModelStateInvalidFilterFactory|ApiControllerAttribute","None declared","","Not verified"
"MapView","GetProjects","api/MapView/GetProjects","GET","Authorize","","","ControllerActionFilter|SaveTempDataAttribute|UnsupportedContentTypeFilter|ClientErrorResultFilterFactory|ModelStateInvalidFilterFactory|ApiControllerAttribute","None declared","","Not verified"
"MapView","GetProjectSavedSourceGeometries","api/MapView/GetProjectSavedSourceGeometries","GET","Authorize","","","ControllerActionFilter|SaveTempDataAttribute|UnsupportedContentTypeFilter|ClientErrorResultFilterFactory|ModelStateInvalidFilterFactory|ApiControllerAttribute","None declared","","Not verified"
"MapView","GetProviders","api/MapView/GetProviders","GET","Authorize","","","ControllerActionFilter|SaveTempDataAttribute|UnsupportedContentTypeFilter|ClientErrorResultFilterFactory|ModelStateInvalidFilterFactory|ApiControllerAttribute","None declared","","Not verified"
"MapView","GetProviderWiseVolume","api/MapView/GetProviderWiseVolume","GET","Authorize","","","ControllerActionFilter|SaveTempDataAttribute|UnsupportedContentTypeFilter|ClientErrorResultFilterFactory|ModelStateInvalidFilterFactory|ApiControllerAttribute","None declared","","Not verified"
"MapView","GetSiteMl","api/MapView/GetSiteMl","GET","Authorize","","","ControllerActionFilter|SaveTempDataAttribute|UnsupportedContentTypeFilter|ClientErrorResultFilterFactory|ModelStateInvalidFilterFactory|ApiControllerAttribute","None declared","","Not verified"
"MapView","GetSiteNoMl","api/MapView/GetSiteNoMl","GET","Authorize","","","ControllerActionFilter|SaveTempDataAttribute|UnsupportedContentTypeFilter|ClientErrorResultFilterFactory|ModelStateInvalidFilterFactory|ApiControllerAttribute","None declared","","Not verified"
"MapView","GetSitePrediction","api/MapView/GetSitePrediction","GET","Authorize","","","ControllerActionFilter|SaveTempDataAttribute|UnsupportedContentTypeFilter|ClientErrorResultFilterFactory|ModelStateInvalidFilterFactory|ApiControllerAttribute","None declared","","Not verified"
"MapView","GetSitePredictionBase","api/MapView/GetSitePredictionBase","GET","Authorize","","","ControllerActionFilter|SaveTempDataAttribute|UnsupportedContentTypeFilter|ClientErrorResultFilterFactory|ModelStateInvalidFilterFactory|ApiControllerAttribute","None declared","","Not verified"
"MapView","GetSitePredictionClusterColors","api/MapView/GetSitePredictionClusterColors","GET","Authorize","","","ControllerActionFilter|SaveTempDataAttribute|UnsupportedContentTypeFilter|ClientErrorResultFilterFactory|ModelStateInvalidFilterFactory|ApiControllerAttribute","None declared","","Not verified"
"MapView","GetSitePredictionOptimised","api/MapView/GetSitePredictionOptimised","GET","Authorize","","","ControllerActionFilter|SaveTempDataAttribute|UnsupportedContentTypeFilter|ClientErrorResultFilterFactory|ModelStateInvalidFilterFactory|ApiControllerAttribute","None declared","","Not verified"
"MapView","GetSitePredictionScenarios","api/MapView/GetSitePredictionScenarios","GET","Authorize","","","ControllerActionFilter|SaveTempDataAttribute|UnsupportedContentTypeFilter|ClientErrorResultFilterFactory|ModelStateInvalidFilterFactory|ApiControllerAttribute","None declared","","Not verified"
"MapView","GetSubSessionAnalytics","api/MapView/GetSubSessionAnalytics","GET","Authorize","","","ControllerActionFilter|SaveTempDataAttribute|UnsupportedContentTypeFilter|ClientErrorResultFilterFactory|ModelStateInvalidFilterFactory|ApiControllerAttribute","None declared","","Not verified"
"MapView","GetSubSessionAnalytics","api/MapView/GetSubSessionAnalyticsWithStatus","GET","Authorize","","","ControllerActionFilter|SaveTempDataAttribute|UnsupportedContentTypeFilter|ClientErrorResultFilterFactory|ModelStateInvalidFilterFactory|ApiControllerAttribute","None declared","","Not verified"
"MapView","GetTechnologies","api/MapView/GetTechnologies","GET","Authorize","","","ControllerActionFilter|SaveTempDataAttribute|UnsupportedContentTypeFilter|ClientErrorResultFilterFactory|ModelStateInvalidFilterFactory|ApiControllerAttribute","None declared","","Not verified"
"MapView","GetTotalUsageTime","api/MapView/GetTotalUsageTime","GET","Authorize","","","ControllerActionFilter|SaveTempDataAttribute|UnsupportedContentTypeFilter|ClientErrorResultFilterFactory|ModelStateInvalidFilterFactory|ApiControllerAttribute","None declared","","Not verified"
"MapView","GetUpdatedSitePrediction","api/MapView/GetUpdatedSitePrediction","GET","Authorize","","","ControllerActionFilter|SaveTempDataAttribute|UnsupportedContentTypeFilter|ClientErrorResultFilterFactory|ModelStateInvalidFilterFactory|ApiControllerAttribute","None declared","","Not verified"
"MapView","ImportPolygon","api/MapView/ImportPolygon","POST","Authorize","","","ControllerActionFilter|SaveTempDataAttribute|UnsupportedContentTypeFilter|ClientErrorResultFilterFactory|ModelStateInvalidFilterFactory|ApiControllerAttribute","None declared","","Not verified"
"MapView","GetKpiDistribution","api/MapView/kpi-distribution","GET","Authorize","","","ControllerActionFilter|SaveTempDataAttribute|UnsupportedContentTypeFilter|ClientErrorResultFilterFactory|ModelStateInvalidFilterFactory|ApiControllerAttribute","None declared","","Not verified"
"MapView","GetLatLonDistribution","api/MapView/lat-lon-distribution","GET","Authorize","","","ControllerActionFilter|SaveTempDataAttribute|UnsupportedContentTypeFilter|ClientErrorResultFilterFactory|ModelStateInvalidFilterFactory|ApiControllerAttribute","None declared","","Not verified"
"MapView","ListSavedPolygons","api/MapView/ListSavedPolygons","GET","Authorize","","","ControllerActionFilter|SaveTempDataAttribute|UnsupportedContentTypeFilter|ClientErrorResultFilterFactory|ModelStateInvalidFilterFactory|ApiControllerAttribute","None declared","","Not verified"
"MapView","log_network","api/MapView/log_networkAsync","POST","AllowAnonymous (inspect custom filters)","","","ControllerActionFilter|SaveTempDataAttribute|UnsupportedContentTypeFilter|ClientErrorResultFilterFactory|ModelStateInvalidFilterFactory|ApiControllerAttribute|PublicApiKeyAttribute","MobileIngestion","","Not verified"
"MapView","SavePolygon","api/MapView/SavePolygon","POST","Authorize","","","ControllerActionFilter|SaveTempDataAttribute|UnsupportedContentTypeFilter|ClientErrorResultFilterFactory|ModelStateInvalidFilterFactory|ApiControllerAttribute","None declared","","Not verified"
"MapView","SavePolygonWithLogs","api/MapView/SavePolygonWithLogs","POST","Authorize","","","ControllerActionFilter|SaveTempDataAttribute|UnsupportedContentTypeFilter|ClientErrorResultFilterFactory|ModelStateInvalidFilterFactory|ApiControllerAttribute|ConsumesAttribute","None declared","","Not verified"
"MapView","SaveSitePredictionClusterColor","api/MapView/SaveSitePredictionClusterColor","POST","Authorize","","","ControllerActionFilter|SaveTempDataAttribute|UnsupportedContentTypeFilter|ClientErrorResultFilterFactory|ModelStateInvalidFilterFactory|ApiControllerAttribute","None declared","","Not verified"
"MapView","GetCombinedProviderNetworkTime","api/MapView/session/provider-network-time/combined","GET","Authorize","","","ControllerActionFilter|SaveTempDataAttribute|UnsupportedContentTypeFilter|ClientErrorResultFilterFactory|ModelStateInvalidFilterFactory|ApiControllerAttribute","None declared","","Not verified"
"MapView","GetTotalSessionDistance","api/MapView/sessionsDistance","GET","Authorize","","","ControllerActionFilter|SaveTempDataAttribute|UnsupportedContentTypeFilter|ClientErrorResultFilterFactory|ModelStateInvalidFilterFactory|ApiControllerAttribute","None declared","","Not verified"
"MapView","start_session","api/MapView/start_session","POST","AllowAnonymous (inspect custom filters)","","","ControllerActionFilter|SaveTempDataAttribute|UnsupportedContentTypeFilter|ClientErrorResultFilterFactory|ModelStateInvalidFilterFactory|ApiControllerAttribute|PublicApiKeyAttribute","PublicApi","","Not verified"
"MapView","UpdateProjectPolygon","api/MapView/UpdateProjectPolygon","POST","Authorize","","","ControllerActionFilter|SaveTempDataAttribute|UnsupportedContentTypeFilter|ClientErrorResultFilterFactory|ModelStateInvalidFilterFactory|ApiControllerAttribute","None declared","","Not verified"
"MapView","UpdateProjectSessions","api/MapView/UpdateProjectSessions","PUT","Authorize","","","ControllerActionFilter|SaveTempDataAttribute|UnsupportedContentTypeFilter|ClientErrorResultFilterFactory|ModelStateInvalidFilterFactory|ApiControllerAttribute","None declared","","Not verified"
"MapView","UpdateProjectSiteSize","api/MapView/UpdateProjectSiteSize","PUT","Authorize","","","ControllerActionFilter|SaveTempDataAttribute|UnsupportedContentTypeFilter|ClientErrorResultFilterFactory|ModelStateInvalidFilterFactory|ApiControllerAttribute","None declared","","Not verified"
"MapView","UpdateSitePrediction","api/MapView/UpdateSitePrediction","POST","Authorize","","","ControllerActionFilter|SaveTempDataAttribute|UnsupportedContentTypeFilter|ClientErrorResultFilterFactory|ModelStateInvalidFilterFactory|ApiControllerAttribute","None declared","","Not verified"
"MapView","UploadImage","api/MapView/UploadImage","POST","AllowAnonymous (inspect custom filters)","","","ControllerActionFilter|SaveTempDataAttribute|UnsupportedContentTypeFilter|ClientErrorResultFilterFactory|ModelStateInvalidFilterFactory|ApiControllerAttribute|PublicApiKeyAttribute|ConsumesAttribute","Upload","","Not verified"
"MapView","UploadImageLegacy","api/MapView/UploadImageLegacy","POST","AllowAnonymous (inspect custom filters)","","","ControllerActionFilter|SaveTempDataAttribute|UnsupportedContentTypeFilter|ClientErrorResultFilterFactory|ModelStateInvalidFilterFactory|ApiControllerAttribute|PublicApiKeyAttribute|ConsumesAttribute","Upload","","Not verified"
"MapView","UploadSitePredictionCsv","api/MapView/UploadSitePredictionCsv","POST","Authorize","","","ControllerActionFilter|SaveTempDataAttribute|UnsupportedContentTypeFilter|ClientErrorResultFilterFactory|ModelStateInvalidFilterFactory|ApiControllerAttribute|RequestSizeLimitAttribute","Upload","RequestSizeLimitAttribute","Not verified"
"MapView","user_signup","api/MapView/user_signup","POST","AllowAnonymous (inspect custom filters)","","","ControllerActionFilter|SaveTempDataAttribute|UnsupportedContentTypeFilter|ClientErrorResultFilterFactory|ModelStateInvalidFilterFactory|ApiControllerAttribute|PublicApiKeyAttribute","PublicApi","","Not verified"
"ProcessCSV","GetSitePredictions","api/ProcessCSV/site-prediction","GET","Authorize","","","ControllerActionFilter|SaveTempDataAttribute|UnsupportedContentTypeFilter|ClientErrorResultFilterFactory|ModelStateInvalidFilterFactory|ApiControllerAttribute","None declared","","Not verified"
"ProcessCSV","UploadSitePrediction","api/ProcessCSV/upload/site-prediction","POST","Authorize","","","ControllerActionFilter|SaveTempDataAttribute|UnsupportedContentTypeFilter|ClientErrorResultFilterFactory|ModelStateInvalidFilterFactory|ApiControllerAttribute|ConsumesAttribute","Upload","","Not verified"
"PythonBridge","CreateLteOptimizationScenario","api/PythonBridge/CreateLteOptimizationScenario","POST","No Authorize metadata (inspect filters/action)","","","SaveTempDataAttribute|UnsupportedContentTypeFilter|ClientErrorResultFilterFactory|ModelStateInvalidFilterFactory|ApiControllerAttribute|PythonBridgeApiKeyFilter","None declared","","Not verified"
"PythonBridge","DeleteLtePredictionGeoFeatures","api/PythonBridge/DeleteLtePredictionGeoFeatures","POST","No Authorize metadata (inspect filters/action)","","","SaveTempDataAttribute|UnsupportedContentTypeFilter|ClientErrorResultFilterFactory|ModelStateInvalidFilterFactory|ApiControllerAttribute|PythonBridgeApiKeyFilter","None declared","","Not verified"
"PythonBridge","GetDriveTestRows","api/PythonBridge/GetDriveTestRows","POST","No Authorize metadata (inspect filters/action)","","","SaveTempDataAttribute|UnsupportedContentTypeFilter|ClientErrorResultFilterFactory|ModelStateInvalidFilterFactory|ApiControllerAttribute|PythonBridgeApiKeyFilter","None declared","","Not verified"
"PythonBridge","GetFrontendGridCells","api/PythonBridge/GetFrontendGridCells","GET","No Authorize metadata (inspect filters/action)","","","SaveTempDataAttribute|UnsupportedContentTypeFilter|ClientErrorResultFilterFactory|ModelStateInvalidFilterFactory|ApiControllerAttribute|PythonBridgeApiKeyFilter","None declared","","Not verified"
"PythonBridge","GetL3LogRows","api/PythonBridge/GetL3LogRows","POST","No Authorize metadata (inspect filters/action)","","","SaveTempDataAttribute|UnsupportedContentTypeFilter|ClientErrorResultFilterFactory|ModelStateInvalidFilterFactory|ApiControllerAttribute|PythonBridgeApiKeyFilter","None declared","","Not verified"
"PythonBridge","GetLatestLteBaselineJobId","api/PythonBridge/GetLatestLteBaselineJobId","GET","No Authorize metadata (inspect filters/action)","","","SaveTempDataAttribute|UnsupportedContentTypeFilter|ClientErrorResultFilterFactory|ModelStateInvalidFilterFactory|ApiControllerAttribute|PythonBridgeApiKeyFilter","None declared","","Not verified"
"PythonBridge","GetLatestRfOptimizationScenarioId","api/PythonBridge/GetLatestRfOptimizationScenarioId","GET","No Authorize metadata (inspect filters/action)","","","SaveTempDataAttribute|UnsupportedContentTypeFilter|ClientErrorResultFilterFactory|ModelStateInvalidFilterFactory|ApiControllerAttribute|PythonBridgeApiKeyFilter","None declared","","Not verified"
"PythonBridge","GetLteBaselineRows","api/PythonBridge/GetLteBaselineRows","GET","No Authorize metadata (inspect filters/action)","","","SaveTempDataAttribute|UnsupportedContentTypeFilter|ClientErrorResultFilterFactory|ModelStateInvalidFilterFactory|ApiControllerAttribute|PythonBridgeApiKeyFilter","None declared","","Not verified"
"PythonBridge","GetLteBuildingRows","api/PythonBridge/GetLteBuildingRows","GET","No Authorize metadata (inspect filters/action)","","","SaveTempDataAttribute|UnsupportedContentTypeFilter|ClientErrorResultFilterFactory|ModelStateInvalidFilterFactory|ApiControllerAttribute|PythonBridgeApiKeyFilter","None declared","","Not verified"
"PythonBridge","GetLtePredictionGeoFeatures","api/PythonBridge/GetLtePredictionGeoFeatures","GET","No Authorize metadata (inspect filters/action)","","","SaveTempDataAttribute|UnsupportedContentTypeFilter|ClientErrorResultFilterFactory|ModelStateInvalidFilterFactory|ApiControllerAttribute|PythonBridgeApiKeyFilter","None declared","","Not verified"
"PythonBridge","GetLteSitePredictionRows","api/PythonBridge/GetLteSitePredictionRows","GET","No Authorize metadata (inspect filters/action)","","","SaveTempDataAttribute|UnsupportedContentTypeFilter|ClientErrorResultFilterFactory|ModelStateInvalidFilterFactory|ApiControllerAttribute|PythonBridgeApiKeyFilter","None declared","","Not verified"
"PythonBridge","GetLteTiltAntennaRows","api/PythonBridge/GetLteTiltAntennaRows","GET","No Authorize metadata (inspect filters/action)","","","SaveTempDataAttribute|UnsupportedContentTypeFilter|ClientErrorResultFilterFactory|ModelStateInvalidFilterFactory|ApiControllerAttribute|PythonBridgeApiKeyFilter","None declared","","Not verified"
"PythonBridge","GetLteTiltBaselineResults","api/PythonBridge/GetLteTiltBaselineResults","GET","No Authorize metadata (inspect filters/action)","","","SaveTempDataAttribute|UnsupportedContentTypeFilter|ClientErrorResultFilterFactory|ModelStateInvalidFilterFactory|ApiControllerAttribute|PythonBridgeApiKeyFilter","None declared","","Not verified"
"PythonBridge","GetNextLteOptimizationScenarioId","api/PythonBridge/GetNextLteOptimizationScenarioId","GET","No Authorize metadata (inspect filters/action)","","","SaveTempDataAttribute|UnsupportedContentTypeFilter|ClientErrorResultFilterFactory|ModelStateInvalidFilterFactory|ApiControllerAttribute|PythonBridgeApiKeyFilter","None declared","","Not verified"
"PythonBridge","GetNextRfOptimizationScenarioId","api/PythonBridge/GetNextRfOptimizationScenarioId","GET","No Authorize metadata (inspect filters/action)","","","SaveTempDataAttribute|UnsupportedContentTypeFilter|ClientErrorResultFilterFactory|ModelStateInvalidFilterFactory|ApiControllerAttribute|PythonBridgeApiKeyFilter","None declared","","Not verified"
"PythonBridge","GetProject","api/PythonBridge/GetProject","GET","No Authorize metadata (inspect filters/action)","","","SaveTempDataAttribute|UnsupportedContentTypeFilter|ClientErrorResultFilterFactory|ModelStateInvalidFilterFactory|ApiControllerAttribute|PythonBridgeApiKeyFilter","None declared","","Not verified"
"PythonBridge","GetProjectDemAsset","api/PythonBridge/GetProjectDemAsset","GET","No Authorize metadata (inspect filters/action)","","","SaveTempDataAttribute|UnsupportedContentTypeFilter|ClientErrorResultFilterFactory|ModelStateInvalidFilterFactory|ApiControllerAttribute|PythonBridgeApiKeyFilter","None declared","","Not verified"
"PythonBridge","GetProjectRegions","api/PythonBridge/GetProjectRegions","GET","No Authorize metadata (inspect filters/action)","","","SaveTempDataAttribute|UnsupportedContentTypeFilter|ClientErrorResultFilterFactory|ModelStateInvalidFilterFactory|ApiControllerAttribute|PythonBridgeApiKeyFilter","None declared","","Not verified"
"PythonBridge","GetReportNetworkLogs","api/PythonBridge/GetReportNetworkLogs","POST","No Authorize metadata (inspect filters/action)","","","SaveTempDataAttribute|UnsupportedContentTypeFilter|ClientErrorResultFilterFactory|ModelStateInvalidFilterFactory|ApiControllerAttribute|PythonBridgeApiKeyFilter","None declared","","Not verified"
"PythonBridge","GetRfOptimizationRows","api/PythonBridge/GetRfOptimizationRows","GET","No Authorize metadata (inspect filters/action)","","","SaveTempDataAttribute|UnsupportedContentTypeFilter|ClientErrorResultFilterFactory|ModelStateInvalidFilterFactory|ApiControllerAttribute|PythonBridgeApiKeyFilter","None declared","","Not verified"
"PythonBridge","GetSessions","api/PythonBridge/GetSessions","POST","No Authorize metadata (inspect filters/action)","","","SaveTempDataAttribute|UnsupportedContentTypeFilter|ClientErrorResultFilterFactory|ModelStateInvalidFilterFactory|ApiControllerAttribute|PythonBridgeApiKeyFilter","None declared","","Not verified"
"PythonBridge","GetSitePredictionOptimized","api/PythonBridge/GetSitePredictionOptimized","GET","No Authorize metadata (inspect filters/action)","","","SaveTempDataAttribute|UnsupportedContentTypeFilter|ClientErrorResultFilterFactory|ModelStateInvalidFilterFactory|ApiControllerAttribute|PythonBridgeApiKeyFilter","None declared","","Not verified"
"PythonBridge","GetThresholds","api/PythonBridge/GetThresholds","GET","No Authorize metadata (inspect filters/action)","","","SaveTempDataAttribute|UnsupportedContentTypeFilter|ClientErrorResultFilterFactory|ModelStateInvalidFilterFactory|ApiControllerAttribute|PythonBridgeApiKeyFilter","None declared","","Not verified"
"PythonBridge","GetUser","api/PythonBridge/GetUser","GET","No Authorize metadata (inspect filters/action)","","","SaveTempDataAttribute|UnsupportedContentTypeFilter|ClientErrorResultFilterFactory|ModelStateInvalidFilterFactory|ApiControllerAttribute|PythonBridgeApiKeyFilter","None declared","","Not verified"
"PythonBridge","GetUserThresholds","api/PythonBridge/GetUserThresholds","GET","No Authorize metadata (inspect filters/action)","","","SaveTempDataAttribute|UnsupportedContentTypeFilter|ClientErrorResultFilterFactory|ModelStateInvalidFilterFactory|ApiControllerAttribute|PythonBridgeApiKeyFilter","None declared","","Not verified"
"PythonBridge","PredictionDebugSummary","api/PythonBridge/PredictionDebugSummary","GET","No Authorize metadata (inspect filters/action)","","","SaveTempDataAttribute|UnsupportedContentTypeFilter|ClientErrorResultFilterFactory|ModelStateInvalidFilterFactory|ApiControllerAttribute|PythonBridgeApiKeyFilter","None declared","","Not verified"
"PythonBridge","SaveLtePredictionBaselineResults","api/PythonBridge/SaveLtePredictionBaselineResults","POST","No Authorize metadata (inspect filters/action)","","","SaveTempDataAttribute|UnsupportedContentTypeFilter|ClientErrorResultFilterFactory|ModelStateInvalidFilterFactory|ApiControllerAttribute|PythonBridgeApiKeyFilter","None declared","","Not verified"
"PythonBridge","SaveLtePredictionGeoFeatures","api/PythonBridge/SaveLtePredictionGeoFeatures","POST","No Authorize metadata (inspect filters/action)","","","SaveTempDataAttribute|UnsupportedContentTypeFilter|ClientErrorResultFilterFactory|ModelStateInvalidFilterFactory|ApiControllerAttribute|PythonBridgeApiKeyFilter","None declared","","Not verified"
"PythonBridge","SaveLtePredictionOptimisedResults","api/PythonBridge/SaveLtePredictionOptimisedResults","POST","No Authorize metadata (inspect filters/action)","","","SaveTempDataAttribute|UnsupportedContentTypeFilter|ClientErrorResultFilterFactory|ModelStateInvalidFilterFactory|ApiControllerAttribute|PythonBridgeApiKeyFilter","None declared","","Not verified"
"PythonBridge","SaveLtePredictionRefined","api/PythonBridge/SaveLtePredictionRefined","POST","No Authorize metadata (inspect filters/action)","","","SaveTempDataAttribute|UnsupportedContentTypeFilter|ClientErrorResultFilterFactory|ModelStateInvalidFilterFactory|ApiControllerAttribute|PythonBridgeApiKeyFilter","None declared","","Not verified"
"PythonBridge","SaveLtePredictionResults","api/PythonBridge/SaveLtePredictionResults","POST","No Authorize metadata (inspect filters/action)","","","SaveTempDataAttribute|UnsupportedContentTypeFilter|ClientErrorResultFilterFactory|ModelStateInvalidFilterFactory|ApiControllerAttribute|PythonBridgeApiKeyFilter","None declared","","Not verified"
"PythonBridge","SavePredictionData","api/PythonBridge/SavePredictionData","POST","No Authorize metadata (inspect filters/action)","","","SaveTempDataAttribute|UnsupportedContentTypeFilter|ClientErrorResultFilterFactory|ModelStateInvalidFilterFactory|ApiControllerAttribute|PythonBridgeApiKeyFilter","None declared","","Not verified"
"PythonBridge","SaveRfOptimizationResults","api/PythonBridge/SaveRfOptimizationResults","POST","No Authorize metadata (inspect filters/action)","","","SaveTempDataAttribute|UnsupportedContentTypeFilter|ClientErrorResultFilterFactory|ModelStateInvalidFilterFactory|ApiControllerAttribute|PythonBridgeApiKeyFilter","None declared","","Not verified"
"PythonBridge","UpdateLteOptimizationScenarioStatus","api/PythonBridge/UpdateLteOptimizationScenarioStatus","POST","No Authorize metadata (inspect filters/action)","","","SaveTempDataAttribute|UnsupportedContentTypeFilter|ClientErrorResultFilterFactory|ModelStateInvalidFilterFactory|ApiControllerAttribute|PythonBridgeApiKeyFilter","None declared","","Not verified"
"PythonBridge","UpdateProjectDownloadPath","api/PythonBridge/UpdateProjectDownloadPath","POST","No Authorize metadata (inspect filters/action)","","","SaveTempDataAttribute|UnsupportedContentTypeFilter|ClientErrorResultFilterFactory|ModelStateInvalidFilterFactory|ApiControllerAttribute|PythonBridgeApiKeyFilter","None declared","","Not verified"
"RedisTest","TestRedis","api/RedisTest/test","GET","Authorize","","","SaveTempDataAttribute|UnsupportedContentTypeFilter|ClientErrorResultFilterFactory|ModelStateInvalidFilterFactory|ApiControllerAttribute","None declared","","Not verified"
"Setting","GetThresholdSettings","api/Setting/GetThresholdSettings","GET","Authorize","","","SaveTempDataAttribute|UnsupportedContentTypeFilter|ClientErrorResultFilterFactory|ModelStateInvalidFilterFactory|ApiControllerAttribute","None declared","","Not verified"
"Setting","SaveThreshold","api/Setting/SaveThreshold","POST","Authorize","","","SaveTempDataAttribute|UnsupportedContentTypeFilter|ClientErrorResultFilterFactory|ModelStateInvalidFilterFactory|ApiControllerAttribute","None declared","","Not verified"
"SitePrediction","Delete","api/SitePrediction/Delete","POST","Authorize","","","SaveTempDataAttribute|UnsupportedContentTypeFilter|ClientErrorResultFilterFactory|ModelStateInvalidFilterFactory|ApiControllerAttribute","None declared","","Not verified"
"SitePrediction","DeleteScenario","api/SitePrediction/DeleteScenario","POST","Authorize","","","SaveTempDataAttribute|UnsupportedContentTypeFilter|ClientErrorResultFilterFactory|ModelStateInvalidFilterFactory|ApiControllerAttribute","None declared","","Not verified"
"SitePrediction","GetScenarios","api/SitePrediction/GetScenarios","GET","Authorize","","","SaveTempDataAttribute|UnsupportedContentTypeFilter|ClientErrorResultFilterFactory|ModelStateInvalidFilterFactory|ApiControllerAttribute","None declared","","Not verified"
"UnifiedMapReport","Generate","api/UnifiedMapReport/Generate","POST","Authorize","","","SaveTempDataAttribute|UnsupportedContentTypeFilter|ClientErrorResultFilterFactory|ModelStateInvalidFilterFactory|ApiControllerAttribute","Report","","Not verified"
"UnifiedMapZipReport","DiscoverBands","api/UnifiedMapZipReport/DiscoverBands","POST","Authorize","","","SaveTempDataAttribute|UnsupportedContentTypeFilter|ClientErrorResultFilterFactory|ModelStateInvalidFilterFactory|ApiControllerAttribute|ConsumesAttribute|RequestSizeLimitAttribute","Report","RequestSizeLimitAttribute","Not verified"
"UnifiedMapZipReport","GenerateFromZip","api/UnifiedMapZipReport/GenerateFromZip","POST","Authorize","","","SaveTempDataAttribute|UnsupportedContentTypeFilter|ClientErrorResultFilterFactory|ModelStateInvalidFilterFactory|ApiControllerAttribute|ConsumesAttribute|RequestSizeLimitAttribute","Report","RequestSizeLimitAttribute","Not verified"
"ZipImport","Upload","api/ZipImport/Upload","POST","Authorize","","","SaveTempDataAttribute|UnsupportedContentTypeFilter|ClientErrorResultFilterFactory|ModelStateInvalidFilterFactory|ApiControllerAttribute|RequestSizeLimitAttribute|RequestFormLimitsAttribute","Upload","RequestSizeLimitAttribute|RequestFormLimitsAttribute","Not verified"
"ExcelUpload","CompleteChunkUpload","ExcelUpload/CompleteChunkUpload","POST","Authorize","","","ControllerActionFilter|SaveTempDataAttribute|UnsupportedContentTypeFilter|RequestSizeLimitAttribute|RequestFormLimitsAttribute","None declared","RequestSizeLimitAttribute|RequestFormLimitsAttribute","Not verified"
"ExcelUpload","DownloadExcel","ExcelUpload/DownloadExcel","GET","Authorize","","","ControllerActionFilter|SaveTempDataAttribute|UnsupportedContentTypeFilter","None declared","","Not verified"
"ExcelUpload","DownloadPythonRuntime","ExcelUpload/DownloadPythonRuntime","GET","AllowAnonymous (inspect custom filters)","","","ControllerActionFilter|SaveTempDataAttribute|UnsupportedContentTypeFilter|PublicApiKeyAttribute","None declared","","Not verified"
"ExcelUpload","GetChunkUploadStatus","ExcelUpload/GetChunkUploadStatus","GET","Authorize","","","ControllerActionFilter|SaveTempDataAttribute|UnsupportedContentTypeFilter","None declared","","Not verified"
"ExcelUpload","GetSessions","ExcelUpload/GetSessions","GET","Authorize","","","ControllerActionFilter|SaveTempDataAttribute|UnsupportedContentTypeFilter","None declared","","Not verified"
"ExcelUpload","GetUploadedExcelFiles","ExcelUpload/GetUploadedExcelFiles","GET","Authorize","","","ControllerActionFilter|SaveTempDataAttribute|UnsupportedContentTypeFilter","None declared","","Not verified"
"ExcelUpload","Index","ExcelUpload/Index","GET","Authorize","","","ControllerActionFilter|SaveTempDataAttribute|UnsupportedContentTypeFilter","None declared","","Not verified"
"ExcelUpload","StartChunkUpload","ExcelUpload/StartChunkUpload","POST","Authorize","","","ControllerActionFilter|SaveTempDataAttribute|UnsupportedContentTypeFilter","None declared","","Not verified"
"ExcelUpload","Test","ExcelUpload/Test","GET","Authorize","","","ControllerActionFilter|SaveTempDataAttribute|UnsupportedContentTypeFilter","None declared","","Not verified"
"ExcelUpload","UploadChunk","ExcelUpload/UploadChunk","POST","Authorize","","","ControllerActionFilter|SaveTempDataAttribute|UnsupportedContentTypeFilter|RequestSizeLimitAttribute|RequestFormLimitsAttribute","None declared","RequestSizeLimitAttribute|RequestFormLimitsAttribute","Not verified"
"ExcelUpload","UploadExcelFile","ExcelUpload/UploadExcelFile","POST","Authorize","","","ControllerActionFilter|SaveTempDataAttribute|UnsupportedContentTypeFilter|RequestSizeLimitAttribute|RequestFormLimitsAttribute","None declared","RequestSizeLimitAttribute|RequestFormLimitsAttribute","Not verified"
"Health","Ready","healthz","GET","AllowAnonymous (inspect custom filters)","","","SaveTempDataAttribute|UnsupportedContentTypeFilter|ClientErrorResultFilterFactory|ModelStateInvalidFilterFactory|PublicApiKeyAttribute|ApiControllerAttribute","None declared","","Not verified"
"Health","Live","healthz/live","GET","AllowAnonymous (inspect custom filters)","","","SaveTempDataAttribute|UnsupportedContentTypeFilter|ClientErrorResultFilterFactory|ModelStateInvalidFilterFactory|PublicApiKeyAttribute|ApiControllerAttribute","None declared","","Not verified"
"Health","Ready","healthz/ready","GET","AllowAnonymous (inspect custom filters)","","","SaveTempDataAttribute|UnsupportedContentTypeFilter|ClientErrorResultFilterFactory|ModelStateInvalidFilterFactory|PublicApiKeyAttribute|ApiControllerAttribute","None declared","","Not verified"
"Home","Index","Home","GET","No Authorize metadata (inspect filters/action)","","","ControllerActionFilter|SaveTempDataAttribute|UnsupportedContentTypeFilter","None declared","","Not verified"
"Home","Error","Home/Error","GET","No Authorize metadata (inspect filters/action)","","","ControllerActionFilter|SaveTempDataAttribute|UnsupportedContentTypeFilter","None declared","","Not verified"
"Home","ForgotResetPassword","Home/ForgotResetPassword","POST","No Authorize metadata (inspect filters/action)","","","ControllerActionFilter|SaveTempDataAttribute|UnsupportedContentTypeFilter","PasswordRecovery","","Not verified"
"Home","GetLoggedUser","Home/GetLoggedUser","POST","No Authorize metadata (inspect filters/action)","","","ControllerActionFilter|SaveTempDataAttribute|UnsupportedContentTypeFilter","None declared","","Not verified"
"Home","GetStateIformation","Home/GetStateIformation","POST","No Authorize metadata (inspect filters/action)","","","ControllerActionFilter|SaveTempDataAttribute|UnsupportedContentTypeFilter","None declared","","Not verified"
"Home","GetUserForgotPassword","Home/GetUserForgotPassword","POST","No Authorize metadata (inspect filters/action)","","","ControllerActionFilter|SaveTempDataAttribute|UnsupportedContentTypeFilter","PasswordRecovery","","Not verified"
"Home","Index","Home/Index","GET","No Authorize metadata (inspect filters/action)","","","ControllerActionFilter|SaveTempDataAttribute|UnsupportedContentTypeFilter","None declared","","Not verified"
"Home","Login","Home/Login","GET","No Authorize metadata (inspect filters/action)","","","ControllerActionFilter|SaveTempDataAttribute|UnsupportedContentTypeFilter","None declared","","Not verified"
"Home","Logout","Home/Logout","GET","No Authorize metadata (inspect filters/action)","","","ControllerActionFilter|SaveTempDataAttribute|UnsupportedContentTypeFilter","None declared","","Not verified"
"Home","ResetPassword","Home/ResetPassword","GET","No Authorize metadata (inspect filters/action)","","","ControllerActionFilter|SaveTempDataAttribute|UnsupportedContentTypeFilter","None declared","","Not verified"
"Home","UserLogin","Home/UserLogin","POST","No Authorize metadata (inspect filters/action)","","","ControllerActionFilter|SaveTempDataAttribute|UnsupportedContentTypeFilter","Auth","","Not verified"
"NetworkLogRealtime","Connect","ws/network-log","GET","Authorize","","","SaveTempDataAttribute|UnsupportedContentTypeFilter|ClientErrorResultFilterFactory|ModelStateInvalidFilterFactory|ApiControllerAttribute","None declared","","Not verified"
